Year,China,France,Germany,Hong Kong,Indonesia,Japan,Malaysia,Philippines,Thailand,United Kingdom,Vietnam,Grand Total
1986-01,0,2354,3809,28250,39136,23158,74017,12503,36307,15208,0,234742
1986-02,0,2005,3272,29466,38245,27570,80574,8060,37464,11692,0,238348
1986-03,0,2613,4267,29858,40800,24810,78575,8121,35498,15221,0,239763
1986-04,0,2391,2766,30413,38796,22879,74100,9515,34266,11201,0,226327
1986-05,0,2482,2909,33516,39902,20040,70610,10924,32790,13128,0,226301
1986-06,0,2406,2901,43448,57022,22518,83946,11631,39753,16374,0,279999
1986-07,0,2475,4530,41451,44004,25910,75099,12492,34247,19734,0,259942
1986-08,0,3222,4389,39209,50871,31834,83366,11690,36750,18898,0,280229
1986-09,0,3095,4688,38655,41478,23890,71503,9525,34193,19455,0,246482
1986-10,0,3273,4629,43712,39239,23610,71651,10918,39769,19126,0,255927
1986-11,0,2483,4243,37124,41452,22345,76215,11823,40679,16459,0,252823
1986-12,0,2337,3747,41536,53676,24925,90337,10642,50991,16969,0,295160
1987-01,855,2310,3780,38957,39953,25960,71776,13218,41326,17975,0,256110
1987-02,1054,2141,3075,33066,41749,28787,79356,12003,44863,12580,0,258674
1987-03,1153,1566,3266,36826,42650,29680,76767,10889,44052,16995,0,263844
1987-04,2401,2389,3585,38312,37385,23817,81563,11631,41639,13534,0,256256
1987-05,2353,2227,3288,38461,45971,28336,77828,11295,40056,14676,0,264491
1987-06,3249,2422,3592,44939,55827,31968,88809,11952,51983,17603,0,312344
1987-07,2265,3270,4590,42150,48019,37512,87120,11187,47097,20997,0,304207
1987-08,1900,3255,4512,39462,56129,40933,91236,12377,51646,20161,0,321611
1987-09,2350,2672,4052,34433,45796,34274,77277,10716,39975,19862,0,271407
1987-10,3166,3022,5221,41322,47204,31212,77371,11041,46914,21121,0,287594
1987-11,2633,2531,5209,37435,47231,31128,80411,10799,49900,16719,0,283996
1987-12,2577,2458,3534,39670,64976,31617,101211,10933,66259,18895,0,342130
1988-01,1910,2551,4726,33910,46861,31976,78611,12812,52827,17907,0,284091
1988-02,2002,2213,4828,33807,49893,34937,84640,12022,52365,15256,0,291963
1988-03,1918,2651,5577,36889,50967,39548,88088,12526,52963,20947,0,312074
1988-04,2654,2138,3359,34981,47902,36704,87356,11527,51159,15414,0,293194
1988-05,2851,1903,4259,36301,50519,35695,83377,11807,48303,15575,0,290590
1988-06,3798,2523,4394,40942,66179,41128,96114,11768,56459,18693,0,341998
1988-07,3182,3884,6437,41415,56068,43808,94100,11432,53577,22228,0,336131
1988-08,2679,3242,5538,37497,62040,45023,96448,11717,56411,21063,0,341658
1988-09,2991,2941,6724,36748,52473,42568,87730,11321,47537,20509,0,311542
1988-10,3685,3492,8429,40372,54048,39739,90756,12529,55932,21708,0,330690
1988-11,2880,2745,6899,38051,57639,42910,97439,11974,61180,18526,0,340243
1988-12,3527,2541,7483,39079,77053,42308,113986,13180,71253,20592,0,391002
1989-01,2156,2630,7695,33847,54033,44433,91208,14065,61402,20803,0,332272
1989-02,2666,2493,6988,33249,56388,44286,98508,12661,59544,18180,0,334963
1989-03,2914,2842,7595,36345,59792,49995,100555,13436,65943,19794,0,359211
1989-04,2777,2845,6523,34600,52787,43550,94987,13527,58023,18681,0,328300
1989-05,3820,2549,5314,34071,59708,44632,97826,13927,59900,17072,0,338819
1989-06,3417,3035,5678,38177,77642,55755,106257,13466,64275,20786,0,388488
1989-07,1662,3723,8981,39934,63632,60018,104748,14046,65132,23845,0,385721
1989-08,2024,3224,6591,37962,72994,64606,103974,13535,60180,22552,0,387642
1989-09,3276,3782,8051,37424,63281,61982,102386,13304,58476,22097,0,374059
1989-10,3363,4034,9111,39936,64557,56214,103569,13993,64784,26027,0,385588
1989-11,3252,3446,8616,40551,67134,53733,112450,15460,69904,22956,0,397502
1989-12,3474,2805,8360,45988,83564,59860,121218,10345,80553,23749,0,439916
1990-01,2110,3017,7440,43662,64488,58138,107139,14424,71195,21415,0,393028
1990-02,2068,3240,8118,36825,63560,63307,112052,13090,70692,21959,0,394911
1990-03,2103,3720,7897,41391,67879,64203,116717,14804,71760,20874,0,411348
1990-04,3570,3316,7775,44408,65171,57290,110828,14583,68290,20725,0,395956
1990-05,3616,3642,6558,46517,63680,53131,115999,14018,65642,20995,0,393798
1990-06,4162,2859,7201,51104,86562,67315,124120,13294,70338,23431,0,450386
1990-07,2954,4097,10823,51848,70612,68711,115991,12637,67385,27842,0,432900
1990-08,3293,4202,8590,49059,80715,73499,125446,11104,68302,26101,0,450311
1990-09,3268,4156,11414,42716,68900,63045,114688,10861,62089,26469,0,407606
1990-10,4669,3534,11291,49249,67217,64417,116352,11398,70547,27224,0,425898
1990-11,4629,3415,8351,47793,71485,61397,132991,12575,72802,24502,0,439940
1990-12,5248,3062,7564,52289,91369,64116,147058,12447,90283,27634,0,501070
1991-01,2760,2886,7404,36934,61860,58016,114955,13957,68414,23831,0,391017
1991-02,3180,2815,7098,38476,59195,35580,117080,12198,51182,19659,0,346463
1991-03,3989,2603,8162,43467,65094,42099,125938,13263,53045,22128,0,379788
1991-04,4379,3220,7563,43278,69719,52036,123057,13584,63211,21328,0,401375
1991-05,5382,3399,7227,43420,70662,54282,126191,14778,58694,21135,0,405170
1991-06,6867,3387,8136,57837,100330,70449,151265,12333,70934,25856,0,507394
1991-07,4598,4302,9572,52682,78938,71372,129468,12966,64401,29691,0,457990
1991-08,3986,4020,8780,50140,95858,79553,147764,12926,68222,27292,0,498541
1991-09,4755,4451,10762,46290,79363,76272,134535,12680,61836,27279,0,458223
1991-10,6144,4011,11547,49748,78865,70928,135041,13735,66749,28721,0,465489
1991-11,6364,4215,8743,50145,83944,68421,151917,13710,71503,25605,0,484567
1991-12,5920,3757,9333,58234,113042,79324,165774,14609,83601,28643,0,562237
1992-01,3408,3734,7726,47406,77047,73269,125473,16499,66246,23708,0,444516
1992-02,4588,4124,8909,50616,86491,77554,154754,14086,70908,23616,0,495646
1992-03,4498,3159,8524,44033,77051,81587,130207,13751,66142,23241,0,452193
1992-04,5830,3874,8975,53278,82517,62277,136580,14869,73063,24682,0,465945
1992-05,6747,3922,8426,49728,77536,62201,137504,14125,59214,20517,0,439920
1992-06,8406,3803,8863,64045,105037,80067,153893,14627,65129,27019,0,530889
1992-07,5341,5487,12315,58215,92273,77692,141195,14542,67142,31886,0,506088
1992-08,6001,5847,10649,52917,101062,81866,151506,14810,70806,27683,0,523147
1992-09,8132,4491,11395,52918,87873,80544,134727,14569,63589,27411,0,485649
1992-10,9649,4980,13087,53834,88896,66508,127639,15820,72834,28809,0,482056
1992-11,9676,4139,13918,57054,88499,64688,142307,15544,75305,28731,0,499861
1992-12,7569,3813,13264,65938,115818,79234,160056,15798,91392,26100,0,578982
1993-01,6682,3738,12117,59123,93458,73010,157326,20153,82567,26709,0,534883
1993-02,7731,4056,13132,47389,76123,71778,132860,15591,72073,22400,0,463133
1993-03,9802,3841,14094,62008,92195,74337,145460,16372,83259,30573,0,531941
1993-04,13563,4199,11988,64280,82361,59602,139007,18835,85695,24898,0,504428
1993-05,13909,4557,11954,57407,82924,59230,137766,18557,80403,25202,0,491909
1993-06,19826,5340,12042,70260,111717,74049,162621,18460,91546,29456,0,595317
1993-07,12571,7140,14766,68081,95583,78660,148182,15481,82077,33284,0,555825
1993-08,11422,6269,13497,64618,114994,85486,169695,16585,86734,29456,0,598756
1993-09,14621,6399,15372,53824,90928,78264,138466,15149,69942,31123,0,514088
1993-10,18882,6131,17824,58819,94998,67161,145101,17591,81985,32565,0,541057
1993-11,16066,5892,15986,54267,95179,69488,162460,17355,81854,27036,0,545583
1993-12,17484,5594,14531,64901,131223,80056,178932,17913,103694,26818,0,641146
1994-01,10376,5818,15146,51188,91790,72999,140364,21833,82998,26600,7101,526213
1994-02,13213,4942,14243,56478,90411,74311,160140,17912,76898,22841,7667,539056
1994-03,15866,5275,16896,66529,106201,91481,152618,20343,84356,24870,10676,595111
1994-04,16962,5835,13830,54218,89732,66627,145205,21157,81355,24064,8982,527967
1994-05,18579,5632,11861,53972,92552,69783,144215,20398,78308,23164,7995,526459
1994-06,25956,6344,11789,65755,121886,74893,161881,18690,78600,32815,7363,605972
1994-07,13309,8097,15974,69509,109214,83050,152154,18231,81019,39085,8141,597783
1994-08,13400,7240,14252,66236,118348,96471,162448,18691,86900,34553,9216,627755
1994-09,19328,7267,15956,56954,101938,87955,143761,18522,71476,34423,7272,564852
1994-10,22928,7984,20196,59427,102568,75510,144110,17984,85083,37627,8573,581990
1994-11,20625,5593,16278,59498,101719,79988,157672,17839,89462,28425,8679,585778
1994-12,22792,5514,13837,72754,138437,88348,177897,17693,107845,30701,7858,683676
1995-01,13906,5891,14016,66000,97057,81589,145659,25120,86047,29750,9405,574440
1995-02,18459,5721,13547,53533,102661,78359,165580,17640,86190,23021,11686,576397
1995-03,20052,5596,14836,64433,108143,94092,159014,17979,99260,24319,11537,619261
1995-04,21224,5414,15826,62656,97831,69050,145710,15646,88491,27134,9467,558449
1995-05,24197,5268,13442,57349,102809,72900,161239,14472,82330,25136,8059,567201
1995-06,27435,6765,14099,66550,133638,88651,171178,14619,86240,35554,8513,653242
1995-07,18885,7037,19453,75670,120395,97578,159827,15901,81654,40996,9957,647353
1995-08,17741,7446,17689,74850,125631,109830,169467,15626,85330,38365,10964,672939
1995-09,25230,6543,19503,62910,117289,91932,161622,16742,78719,36427,8986,625903
1995-10,0,7979,21210,64132,118464,81934,161764,17543,92575,37902,9525,613028
1995-11,24420,5217,17412,65508,119863,89701,165091,18160,93040,30209,10377,638998
1995-12,27674,5163,15561,81040,156478,93639,177397,17423,113927,35110,10501,733913
1996-01,15284,5628,17286,59939,108266,94335,139103,24204,93487,33633,10396,601561
1996-02,21281,5298,15701,72306,124951,81857,150631,19756,89659,27083,10724,619247
1996-03,23727,6125,19501,70074,117823,104730,156948,22938,101253,30992,14556,668667
1996-04,22275,6729,16352,67786,117307,77358,152439,24905,95386,29390,11043,620970
1996-05,27279,6018,14652,67380,119634,75364,149944,25010,88429,27725,9481,610916
1996-06,34441,7560,15634,85510,163225,95316,160510,23546,94621,40006,9670,730039
1996-07,21446,7455,21507,78792,134221,97807,146910,21381,88889,44050,11230,673688
1996-08,20827,7131,20611,84331,136108,105598,159754,22615,90973,39901,11637,699486
1996-09,22733,7891,21651,66972,125703,90537,141095,21739,76529,37597,8930,621377
1996-10,29887,8500,23522,71538,133139,84010,145821,23286,92623,41419,8759,662504
1996-11,28011,7162,18738,73310,134255,91828,163156,24161,103750,35979,10170,690520
1996-12,31184,8510,18040,88871,168558,105319,188149,25208,118232,37900,10096,800067
1997-01,20726,7809,18519,63479,118184,91409,137604,31453,96799,38191,11194,635367
1997-02,28525,6464,16666,69974,133246,93073,157638,25326,96508,34323,12809,674552
1997-03,28727,7353,18571,80215,138512,99395,155358,29257,105245,36155,14221,713009
1997-04,29971,7779,18169,66585,125049,82350,149059,31396,96181,30620,10831,647990
1997-05,33753,8103,16467,67835,119200,75045,155963,29142,89779,33531,9398,638216
1997-06,38578,9918,18716,64955,162021,93374,162746,27558,95991,42961,10753,727571
1997-07,25657,11602,22848,71974,155219,101472,155334,27513,85419,47176,11444,715658
1997-08,25154,11113,19932,68306,144093,107189,160005,25762,83986,44439,11268,701247
1997-09,36458,10794,21702,62397,135033,95159,146375,24036,77377,42008,8824,660163
1997-10,34927,10403,22328,55818,121490,74666,126428,24720,78624,44376,9592,603372
1997-11,32289,8627,17403,63346,121260,81196,142294,25378,93092,36526,9721,631132
1997-12,37509,9357,16317,81410,136735,91361,171032,24431,121611,41780,10171,741714
1998-01,27293,8756,17405,62662,101706,68880,126097,29489,82982,38260,10913,574443
1998-02,30718,8565,19266,51991,86977,74204,136932,23190,88816,36901,12747,570307
1998-03,29031,7836,20257,60349,86188,79203,142718,25608,97714,37312,11230,597446
1998-04,33018,9050,20891,65009,91945,63607,138968,29149,93783,36851,11285,593556
1998-05,34997,8242,19080,62214,118284,63755,143702,26032,94665,35049,9380,615400
1998-06,37941,8328,19709,71401,81867,79077,156790,27268,109992,44191,9810,646374
1998-07,28433,11715,26919,69555,89746,92309,127968,25877,90411,48764,11173,622870
1998-08,28574,11714,24836,70942,101014,96154,137336,26761,99238,44843,12641,654053
1998-09,30903,9683,26236,59408,96938,82141,123402,23390,80908,44653,9521,587183
1998-10,41310,11734,30565,63524,109208,68534,123069,23198,102663,47293,10394,631492
1998-11,36499,11712,23339,65745,99787,73198,112379,23609,109520,43020,10874,609682
1998-12,43862,12616,21195,90142,117449,89188,131877,22786,131650,46886,11008,718659
1999-01,30833,11803,26727,63640,114537,80679,111462,32410,106454,41256,12719,632520
1999-02,37702,11420,22638,63747,97820,74263,124473,24892,98850,41288,11840,608933
1999-03,34990,12423,24666,63610,113406,90257,123590,29428,111906,47222,16283,667781
1999-04,39199,10560,21389,62041,106180,69053,116245,31771,105857,37720,13529,613544
1999-05,41495,10210,21736,59879,122647,64538,123465,31098,103669,36440,10464,625641
1999-06,53715,12044,22826,77069,95407,85645,138882,30463,121601,49328,12177,699157
1999-07,37088,14099,28619,75374,110946,89553,127632,28093,102236,57393,15025,686058
1999-08,32657,12754,24869,70744,122693,105768,133323,27815,105374,50187,15457,701641
1999-09,39245,12112,23869,63915,121364,91162,128616,27739,92632,54520,10759,665933
1999-10,47620,15207,29242,67592,110305,82021,131914,28336,112774,59892,11326,696229
1999-11,41002,11858,25449,72862,104339,85550,135220,28578,123658,57192,12463,698171
1999-12,44975,10457,21360,85433,126737,89628,150096,25928,131220,46002,11735,743571
2000-01,34013,11469,24251,69711,120322,86339,121018,35228,111636,45630,10885,670502
2000-02,44500,11424,22852,69344,108219,84269,140873,28769,112799,48556,15578,687183
2000-03,38781,10737,21926,74961,124415,97273,140595,33325,121424,43837,16636,723910
2000-04,49473,12110,24330,84503,117352,75681,137920,36480,117760,46392,14842,716843
2000-05,47049,11045,20625,73059,113530,68447,141765,36619,116064,39014,12963,680180
2000-06,56856,12126,23108,88672,130476,84437,145721,30892,119888,50762,13775,756713
2000-07,41720,13596,29708,87920,130962,99791,138135,29272,112293,67690,16357,767444
2000-08,38873,12145,27917,84901,127648,105872,145755,29637,105648,59691,17764,755851
2000-09,56587,11463,27937,82193,126821,92951,136372,28194,103536,60317,13125,739496
2000-10,54012,14131,30549,78192,124236,89552,139806,29193,109595,69349,12462,751077
2000-11,50383,11317,25609,80740,114142,90741,141943,26806,119924,59086,12887,733578
2000-12,60253,12285,24673,99420,128598,98011,146896,25279,133773,68296,13157,810641
2001-01,54210,10880,23638,89147,115362,85980,130138,34866,116099,60469,15799,736588
2001-02,39701,11712,24888,61990,108701,85205,125339,26309,108692,52375,17471,662383
2001-03,45756,11226,25026,84529,124848,96285,143255,31161,127617,54893,17973,762569
2001-04,52287,12435,24637,79243,114670,77559,132264,35439,117122,47877,15134,708667
2001-05,52877,11114,22706,75440,114638,70313,146426,32439,117248,41334,13018,697553
2001-06,58859,13893,24370,90455,133007,83053,146886,30622,126720,55092,14876,777833
2001-07,46398,16251,33728,82709,134499,93070,139246,28116,125253,62854,16924,779048
2001-08,46693,13353,32484,78212,134653,100180,142299,28451,117532,57713,17955,769525
2001-09,56247,12611,31920,71564,131829,78087,129751,25937,101839,59237,14102,713124
2001-10,57856,14267,32111,61953,117909,51721,115435,25161,104821,59220,12434,652888
2001-11,51321,11416,26922,65346,103426,50236,110446,24225,116974,52324,12816,625452
2001-12,64579,12928,27670,93734,138826,73343,125996,25203,149701,62108,12987,787075
2002-01,47903,13644,29233,67510,116717,67610,106958,37006,120485,57906,14546,679518
2002-02,58369,14280,24953,72956,106207,73246,115959,27044,125030,53508,14649,686201
2002-03,58347,15140,28020,78154,134453,83667,127362,33657,139559,58728,18788,775875
2002-04,68240,13712,27980,69182,117023,71903,120026,37137,133777,41491,17274,717745
2002-05,66056,12176,24253,71786,123486,65216,135484,35732,129980,41165,15084,720418
2002-06,74841,14610,28077,81551,148303,75273,126610,31871,132394,52859,16314,782703
2002-07,59534,16109,35785,78388,137092,87638,122356,28102,121802,58941,18697,764444
2002-08,55877,13818,32933,71819,139045,98334,125430,29621,121168,54577,19333,761955
2002-09,70880,13160,33979,66373,130141,89327,113659,26814,114113,56826,15686,730958
2002-10,73256,13883,37521,67471,124973,76248,117730,28539,127048,60883,16644,744196
2002-11,74587,12889,29044,69924,91888,73551,114540,25198,135519,52836,17953,697929
2002-12,85815,14724,30207,97590,145422,88674,130276,26515,158941,62092,19446,859702
2003-01,65653,15357,30281,72340,116815,71941,104115,37460,123944,59349,19710,716965
2003-02,69638,13852,29232,64485,111506,68686,113553,27624,137762,51084,22481,709903
2003-03,64806,11559,25937,56957,113642,71528,109605,28868,130884,44606,22311,680703
2003-04,22920,7673,18301,13753,57866,28135,42131,20732,46561,38302,8876,305250
2003-05,9431,5700,15473,9739,62938,18655,36103,18360,38983,30380,6297,252059
2003-06,18683,9246,17753,29918,107167,34755,66576,22996,77847,43801,10026,438768
2003-07,41052,16499,30707,61357,128180,54029,91207,27856,111134,59258,15503,636782
2003-08,57511,14501,27854,66027,121020,69133,98590,29796,124467,56523,16867,682289
2003-09,73285,13471,30652,59960,118253,70980,100302,27956,119708,57661,14452,686680
2003-10,75338,18393,33453,61311,120047,61627,105401,29615,126775,64883,16595,713438
2003-11,74256,14480,28814,65930,122725,60365,99088,26692,140866,59472,17893,710581
2003-12,85838,17391,28840,78062,149699,79177,111850,29324,164318,64661,20547,829707
2004-01,83696,16099,27708,71573,124061,64347,97919,38701,134532,61769,21954,742359
2004-02,63249,15053,28975,54759,115823,63454,92091,30490,115107,57875,21613,658489
2004-03,69906,13027,25985,62545,124836,71179,103769,33870,129683,55498,21063,711361
2004-04,92918,14916,24394,65108,119856,63785,102485,40356,136492,48343,19263,727916
2004-05,80698,13860,24067,71347,119476,60012,102214,36301,133976,42722,17584,702257
2004-06,98972,16389,24937,88278,150544,72672,106840,34020,156093,52845,22680,824270
2004-07,100585,20002,34010,85627,143097,79690,99923,32513,148689,61305,25904,831345
2004-08,85069,16591,29491,82189,138175,84762,102189,30662,139197,54645,25816,788786
2004-09,92488,15468,32635,70413,135038,79219,91962,29832,128009,57787,18314,751165
2004-10,101953,20940,35412,74884,131518,72487,96317,32648,150697,64103,20379,801338
2004-11,110759,15085,31322,85606,131483,73509,103121,30726,164591,58508,23096,827806
2004-12,115707,17858,30622,101952,160859,78923,111753,31984,190424,63120,25370,928572
2005-01,77361,17297,29087,79807,130134,67667,87066,43473,122487,61074,26286,741739
2005-02,90414,14693,27480,74481,120175,61966,89878,32330,115662,52758,26761,706598
2005-03,91411,15491,27885,93331,143603,68012,103577,37423,148069,57574,27320,813696
2005-04,102670,15268,26390,83159,129120,66464,94418,44336,141394,43820,29310,776349
2005-05,97325,13781,24889,90697,134540,59151,104930,46712,147118,43179,25725,788047
2005-06,121688,16370,27659,97130,157997,67625,110347,40369,157427,55972,28932,881516
2005-07,113643,20368,37085,101854,153797,74013,102120,37704,159621,61058,34486,895749
2005-08,95146,17114,32977,93628,148968,79780,101950,38675,151816,55079,32695,847828
2005-09,107622,17301,35001,82074,150777,73590,94865,38150,144436,57168,24783,825767
2005-10,107558,19336,36607,84064,144100,68907,97979,41517,153815,60782,25912,840577
2005-11,118999,16519,29637,101911,125602,73796,95814,40884,169574,55337,28698,856771
2005-12,116314,18236,31148,112138,155720,82298,107622,41459,180988,59882,29370,935175
2006-01,99597,18693,31535,90869,130325,64196,92952,53166,149060,60757,30488,821638
2006-02,94612,16377,30396,70392,122457,64818,93508,41419,157769,54745,32451,778944
2006-03,105952,15895,27766,88985,142270,77816,104725,46518,170889,53204,34540,868560
2006-04,120678,17133,27265,93463,137958,67629,100462,54359,158055,46976,33721,857699
2006-05,107507,14813,23553,87940,141403,61308,107174,56236,155935,42315,30749,828933
2006-06,128200,17588,25473,102491,164929,70488,106344,48771,165654,55715,33774,919427
2006-07,134629,20796,33736,101025,154183,74315,99306,47510,172801,66288,36904,941493
2006-08,109294,18131,30193,90122,154972,80442,104040,46593,161218,59556,37073,891634
2006-09,116321,18479,32676,83139,145383,71342,92909,45648,143122,61131,31901,842051
2006-10,133232,20464,35917,92040,160780,73847,97096,51573,153450,66574,34829,919802
2006-11,134529,17988,29625,100719,147479,76716,102994,49162,164219,60256,32874,916561
2006-12,145409,16832,31856,114543,179062,90975,110150,48634,198577,66133,39131,1041302
2007-01,105509,17027,31825,87483,143867,71362,94108,62450,161735,62540,36858,874764
2007-02,122727,15092,28485,83143,125107,71944,92677,50517,147180,54481,32517,823870
2007-03,126320,15705,29374,92345,157949,77476,106953,58002,160829,57237,42650,924840
2007-04,138175,15069,25427,92761,147112,68899,102722,60633,156979,45498,41803,895078
2007-05,123590,13349,23393,89535,152673,59449,105854,58802,146480,43459,38399,854983
2007-06,149778,16034,26740,108706,177974,75029,110366,56489,156237,55303,46606,979262
2007-07,143141,17694,32539,107897,167997,77197,103513,55418,162225,62617,46311,976549
2007-08,127668,16295,29704,100146,172168,81654,111549,54720,155438,60217,49643,959202
2007-09,132192,15635,30469,90832,151679,77422,95767,51798,140676,60357,38696,885523
2007-10,143673,19737,32855,98724,167311,76832,99235,54003,163311,64881,40552,961114
2007-11,148113,18514,29019,106517,157850,78695,104064,51913,164663,61480,44778,965606
2007-12,166858,19703,28559,121444,178770,97851,107938,48207,178989,64291,51748,1064358
2008-01,133038,19923,30597,97150,152551,71672,94511,64629,164062,64498,43931,936562
2008-02,132459,17364,28355,88921,148677,71665,108511,55676,152019,58668,48291,910606
2008-03,137722,18974,27783,105421,168509,79438,117037,60251,176684,63031,54180,1009030
2008-04,139610,19013,26449,86397,161639,68453,104943,66036,152979,47933,50666,924118
2008-05,129432,16796,24236,95414,162199,65245,111772,66619,155039,47698,48324,922774
2008-06,136440,19336,29435,107478,189121,76013,113576,62174,152480,57848,53829,997730
2008-07,125647,21536,34304,103069,180705,75366,110034,62418,148372,68201,55015,984667
2008-08,102597,19853,32808,87669,187969,76947,114605,62081,137978,64759,53216,940482
2008-09,111631,19305,32908,89435,183651,68895,97438,61630,99197,66557,43323,873970
2008-10,133087,21400,36362,95015,168158,76535,103137,63399,129602,71666,49751,948112
2008-11,127856,18852,31146,104332,159394,72697,111907,59311,112770,60629,50139,909033
2008-12,135491,20159,32113,127967,183634,89215,159509,58307,101534,66259,59832,1034020
2009-01,121855,19111,30862,104877,147418,62018,122947,76354,121599,63598,53345,923984
2009-02,107264,15597,27143,73822,136347,58345,117627,58352,109665,54499,50706,809367
2009-03,109158,15775,26506,97801,166545,61365,138489,63251,134602,53207,49607,916306
2009-04,116884,16510,25635,97639,167220,58947,133477,76025,123331,47807,50834,914309
2009-05,104867,16078,25364,81740,172816,48805,134723,75233,103112,45375,45853,853966
2009-06,115988,18242,27111,91989,204891,53578,167333,65113,118518,54625,51779,969167
2009-07,118018,23271,34188,100816,199391,69284,166659,59492,116850,62764,56520,1007253
2009-08,112847,21179,31629,99959,202829,72011,176720,64934,123153,59126,52123,1016510
2009-09,115920,19630,31887,89981,192745,72574,167210,63864,120269,62712,44435,981227
2009-10,135683,22914,36183,96689,197032,72524,186282,65790,140533,64416,51077,1069123
2009-11,132164,19494,29923,102447,194824,68673,187313,69139,149276,58320,52515,1064088
2009-12,154763,20390,30497,118118,231400,87539,220762,68183,167907,61666,58713,1219938
2010-01,124009,20511,31012,101682,189853,66201,175570,89767,162388,61494,54942,1077429
2010-02,125838,17665,28009,96701,178561,65248,169690,69734,145169,52041,50076,998732
2010-03,138597,18873,32052,115341,213416,72459,185620,80097,152912,50859,59732,1119958
2010-04,142842,15361,24963,109635,206821,70447,180732,90688,135764,36271,59826,1073350
2010-05,132909,18081,29094,112251,224962,63175,183239,92053,106731,40304,57631,1060430
2010-06,155322,20295,31676,130398,263831,74139,199485,82578,118092,51586,65851,1193253
2010-07,151451,22998,37603,134574,254470,73313,187621,76552,142478,63403,70993,1215456
2010-08,135914,20267,36704,122004,232842,76845,178953,71934,146474,56557,63650,1142144
2010-09,140638,20282,36473,117514,239771,69528,174098,69636,132630,58401,56752,1115723
2010-10,142765,22244,41020,118658,248815,72918,181296,79042,156024,66880,60356,1190018
2010-11,137722,19302,33632,129246,231656,85047,186042,81447,153855,55268,58259,1171476
2010-12,151054,20074,32188,147100,276477,99828,209710,83224,174932,60579,66770,1321936
2011-01,140411,19587,32698,131726,235972,79378,183393,112044,170538,60398,63867,1230012
2011-02,130477,16707,29507,112905,220549,84745,187806,90627,165197,50957,65228,1154705
2011-03,141487,16188,29107,134584,252654,77057,198590,95757,190704,48552,66707,1251387
2011-04,154413,17710,29729,142376,245463,49521,192641,116817,173747,53413,61685,1237515
2011-05,141638,18347,29642,128875,254322,55701,201154,116851,174268,47005,60644,1228447
2011-06,162095,19392,32638,152993,302839,64928,218226,98305,173016,55929,69290,1349651
2011-07,176885,22788,39765,164597,289582,80328,212795,93255,176800,69555,78931,1405281
2011-08,149828,19523,35406,141312,278479,87108,201388,91221,169074,60675,65336,1299350
2011-09,159043,21063,37287,138483,247205,81037,186612,92112,169659,63968,62374,1258843
2011-10,157669,21763,39783,130683,261947,77614,191546,99169,176231,64328,61959,1282692
2011-11,156774,18263,35267,147514,259268,83226,206764,90836,116675,54233,66010,1234830
2011-12,183972,20111,36865,175179,305269,93227,231270,93724,182567,62534,75187,1459905
2012-01,194666,19955,39119,154444,266279,81299,204541,129431,184385,60181,78072,1412372
2012-02,156853,15685,37831,114653,258203,84874,192225,97327,187689,53081,71354,1269775
2012-03,172904,16728,37746,147892,288242,92839,212397,105728,221593,58400,75300,1429769
2012-04,181460,17828,32896,141839,270407,82811,202283,126399,210459,50128,71838,1388348
2012-05,161829,17816,31908,127583,276292,71763,200977,124711,195579,46915,68432,1323805
2012-06,185675,21073,36112,149889,320113,81870,218440,104297,201515,63702,76909,1459595
2012-07,199618,24322,44867,153203,284395,88922,203610,95330,206623,70873,82617,1454380
2012-08,182604,21007,40246,148449,288369,97740,205000,92043,203864,58217,75601,1413140
2012-09,170181,21375,39742,125760,272548,85586,186697,89318,182071,63237,63947,1300462
2012-10,183814,23620,42444,134801,281309,86870,198924,97083,216101,71001,69566,1405533
2012-11,185766,18691,34408,144109,276326,92405,211914,93809,222200,57878,69881,1407387
2012-12,204894,21025,33208,174289,318413,102105,248281,95201,243044,67933,77669,1586062
2013-01,179027,23192,33821,137958,264761,89487,197817,126554,220764,66452,70334,1410167
2013-02,197259,20097,29739,137301,253271,95702,198645,97034,201585,53214,68909,1352756
2013-03,196041,20696,33630,155144,304817,106254,225906,108256,244972,60200,79883,1535799
2013-04,202468,17538,28662,127018,277282,94840,205556,125896,237186,40270,74511,1431227
2013-05,171225,16882,26018,125310,301488,83707,225988,126152,226382,39957,69701,1412810
2013-06,192926,20119,28991,139369,344701,98420,243689,108049,233475,53115,80248,1543102
2013-07,219422,24351,37862,153700,305275,99813,218589,96122,223206,61311,83765,1523416
2013-08,206103,22703,37091,145299,351027,118729,237581,99469,220472,56936,77317,1572727
2013-09,195383,18623,36747,127691,312348,97944,218259,90929,216233,52310,67448,1433915
2013-10,177801,20936,39978,131279,319934,102931,222580,101749,217670,50816,73024,1458698
2013-11,181240,15785,30931,153096,308167,102584,238309,95993,216466,44156,74181,1460908
2013-12,203226,19280,29374,182532,372597,118099,278765,102489,240114,53924,85639,1686039
2014-01,208383,19961,30104,168380,305490,96727,210472,126633,182679,53190,76808,1478827
2014-02,191437,16710,28957,139937,297810,103284,227739,97195,166561,40552,79378,1389560
2014-03,184918,15699,28620,168466,326852,113070,238194,106892,197077,42303,85776,1507867
2014-04,180502,16927,27117,153375,300568,103699,218810,122653,194988,45124,78573,1442336
2014-05,163803,16970,25940,143231,324298,92109,219452,125070,183481,40426,80440,1415220
2014-06,188430,18236,27193,159367,357812,102497,250436,111337,178202,49124,88065,1530699
2014-07,220420,22738,36046,172163,314979,105344,218118,97662,189501,59541,93745,1530257
2014-08,199533,21227,36004,160931,307993,123427,218899,99017,202662,56131,85404,1511228
2014-09,183898,15849,34074,141353,294342,103740,208811,90792,189562,54028,70601,1387050
2014-10,190669,19111,35855,140672,311396,108965,217265,99705,219254,55901,80727,1479520
2014-11,183178,14888,28057,148220,285253,108148,224472,95150,216839,42554,77867,1424626
2014-12,203185,16806,29117,173840,333114,125169,275595,100920,254464,55198,90705,1658113
2015-01,180520,17800,29637,139099,258024,105495,211930,126738,226443,56492,85834,1438012
2015-02,219103,15195,26199,145191,238028,102875,202817,94193,193655,41201,72314,1350771
2015-03,186308,15404,29245,150838,279355,116179,238933,107560,232179,45794,92293,1494088
2015-04,196745,15110,23457,142431,271819,111263,222306,125423,218425,39202,89067,1455248
2015-05,177674,14854,24514,141810,298532,96700,230115,126227,217988,38865,83076,1450355
2015-06,207888,17105,26437,157735,324345,109238,256194,110618,239711,48804,95923,1593998
2015-07,252910,23077,34524,175829,305283,115818,240410,102622,229653,61997,102411,1644534
2015-08,238671,21996,35752,171127,318616,128362,254747,108144,218523,57384,95811,1649133
2015-09,195301,17597,32317,143626,290259,107578,230959,97417,190988,52506,81746,1440294
2015-10,193465,19219,35931,143425,298020,117686,231849,102741,222996,58386,83757,1507475
2015-11,188570,14520,27597,155309,274868,117713,240998,103309,232068,45990,82865,1483807
2015-12,211983,15090,29114,176149,331387,132647,284598,109090,270512,55128,95244,1710942
2016-01,224915,17442,29516,162489,279840,118555,241990,136563,255251,55836,94262,1616659
2016-02,244746,15643,27266,143911,268355,113219,246225,107571,230720,44883,89928,1532467
2016-03,223814,14882,28136,166477,304817,120844,262056,114345,271823,48788,97842,1653824
2016-04,234657,16743,24649,152355,289167,126390,246072,130245,260779,36286,97425,1614768
2016-05,210377,15853,24218,152607,317242,111875,262409,128979,249849,38055,95463,1606927
2016-06,240398,15828,25854,156381,325245,109984,256080,110994,236316,46055,100447,1623582
2016-07,284457,21919,35346,170836,327281,114104,264408,106747,247904,66035,108500,1747537
2016-08,254098,19941,35865,148520,332725,119655,259607,101353,225691,58511,97686,1653652
2016-09,212851,17980,34139,133789,310179,104219,248409,93800,206616,52207,85822,1500011
2016-10,210307,20294,37913,132063,319758,113949,256392,103821,218518,57141,88423,1558579
2016-11,217215,15333,29710,141271,300660,114281,257154,103938,218301,43361,90792,1532016
2016-12,257605,17134,33633,166616,365783,134886,299391,114681,263169,54309,106207,1813414
2017-01,296317,18160,32906,161089,308766,109393,259314,139796,244080,52431,98670,1720922
2017-02,248052,17305,33919,125406,288658,111631,256697,108201,234650,49213,95879,1569611
2017-03,243818,16911,34072,146329,339952,115925,276205,117380,269126,50101,102567,1712386
2017-04,255355,17361,31759,142400,333326,118514,272647,133850,260989,47300,99960,1713461
2017-05,236451,16048,28513,134341,325385,105735,275016,128774,248376,42505,99427,1640571
2017-06,264024,16589,30566,141704,337912,108320,283947,117232,254786,51530,111912,1718522
2017-07,311470,21433,40878,159223,340888,111469,281542,110029,253565,61786,118394,1810677
2017-08,283220,19516,37694,142150,342408,116346,286201,104415,236990,56939,103950,1729829
2017-09,246932,17726,37404,130902,327701,107075,262631,100054,229789,56360,95690,1612264
